{
    "milk": {
        "cup": 0.236588,
        "tbs": 0.0147868,
        "tsp": 0.00492892,
        "ml": 0.001,
        "liter": 1
    },
    "chicken stock": {
        "cup": 0.236588,
        "tbs": 0.0147868,
        "tsp": 0.00492892,
        "ml": 0.001,
        "liter": 1
    },
    "cream": {
        "cup": 0.236588,
        "tbs": 0.0147868,
        "tsp": 0.00492892,
        "ml": 0.001,
        "liter": 1
    },
    "olive oil": {
        "cup": 0.236588,
        "tbs": 0.0147868,
        "tsp": 0.00492892,
        "ml": 0.001,
        "liter": 1
    }
}